Date,Product,Category,Region,Sales_Amount,Quantity,Discount,Customer_Satisfaction
2024-04-12,Phone,Computers,North,452.37,7,19.52,4.0
2024-12-14,Laptop,Computers,East,977.98,5,26.23,4.0
2024-09-27,Monitor,Accessories,West,102.34,1,0.01,5.0
2024-04-16,Tablet,Accessories,South,1236.82,13,5.07,3.0
2024-03-12,Monitor,Electronics,West,1253.88,18,11.69,1.0
2024-07-07,Monitor,Accessories,West,570.33,13,11.39,4.0
2024-01-21,Phone,Accessories,East,1160.98,18,6.8,2.0
2024-04-12,Tablet,Computers,West,528.53,5,11.45,4.0
2024-05-01,Monitor,Accessories,East,405.57,13,3.87,2.0
2024-08-02,Laptop,Electronics,North,1337.89,4,12.38,1.0
2024-11-26,Laptop,Accessories,North,719.26,17,24.07,4.0
2024-03-28,Keyboard,Computers,East,1221.5,3,14.37,4.0
2024-04-09,Tablet,Computers,North,923.17,17,0.54,1.0
2024-12-25,Tablet,,South,1970.27,11,12.64,4.0
2024-05-31,Keyboard,Computers,West,384.2,4,0.82,2.0
2024-05-10,Monitor,Electronics,South,982.74,2,28.99,4.0
2024-05-29,Tablet,Electronics,West,1392.87,16,3.82,3.0
2024-11-04,Laptop,Accessories,North,851.54,18,21.23,5.0
2024-09-14,Laptop,Accessories,South,1951.93,8,29.18,2.0
2024-12-09,Phone,Accessories,North,1471.59,3,24.78,3.0
2024-10-20,Tablet,Computers,West,1348.27,9,20.98,1.0
2024-07-10,Monitor,Electronics,East,1538.41,6,25.18,2.0
2024-10-03,Keyboard,Electronics,East,1910.03,10,29.45,5.0
2024-06-09,Keyboard,Computers,South,1824.86,10,18.64,5.0
2024-11-09,Monitor,Electronics,North,1476.14,13,16.78,1.0
2024-01-22,Mouse,Accessories,North,1523.41,17,18.85,1.0
2024-09-09,Phone,Accessories,South,377.25,9,15.98,2.0
2024-08-23,Keyboard,Accessories,East,295.31,17,19.05,4.0
2024-12-10,Tablet,Electronics,West,1184.72,9,13.5,1.0
2024-02-18,Phone,Accessories,South,134.9,9,6.55,4.0
2024-02-28,Tablet,Computers,West,1016.48,1,3.61,
2024-06-18,Laptop,Computers,East,499.66,2,2.05,5.0
2024-07-06,Phone,Electronics,North,757.43,16,7.9,4.0
2024-09-27,Keyboard,Computers,East,1574.03,1,,5.0
2024-07-08,Phone,Computers,South,1888.35,10,17.02,4.0
2024-06-23,Phone,Electronics,North,237.59,18,8.51,3.0
2024-02-20,Phone,Accessories,South,1115.06,8,24.74,1.0
2024-12-29,Mouse,Accessories,South,1776.81,11,2.23,3.0
2024-02-24,Phone,Accessories,East,256.77,2,6.79,1.0
2024-08-31,Tablet,Electronics,South,1666.58,8,21.91,1.0
2024-11-15,Laptop,Computers,East,779.82,8,17.96,5.0
2024-05-10,Monitor,Accessories,North,711.98,17,1.93,3.0
2024-11-02,Phone,Accessories,East,1957.19,15,26.32,4.0
2024-05-14,Keyboard,Electronics,North,481.63,17,26.32,3.0
2024-01-21,Phone,Accessories,East,1417.07,13,9.91,5.0
2024-11-24,Keyboard,Electronics,West,1660.74,19,10.21,1.0
2024-06-15,Tablet,Computers,West,178.25,5,29.67,5.0
2024-09-30,Keyboard,Electronics,South,1373.73,12,18.79,2.0
2024-03-29,Monitor,Electronics,East,1907.94,1,15.94,2.0
2024-11-11,Laptop,Electronics,East,336.02,5,25.14,4.0
2024-01-14,Keyboard,Electronics,North,1802.82,8,,5.0
2024-08-29,Keyboard,Computers,South,1230.08,13,12.88,4.0
2024-09-21,Laptop,Computers,East,1271.55,8,8.03,4.0
2024-12-11,Monitor,Accessories,South,1264.59,11,23.67,2.0
2024-02-22,Phone,Computers,West,667.79,1,17.2,4.0
2024-12-05,Keyboard,Computers,East,1876.88,13,19.76,2.0
2024-04-01,Laptop,Accessories,East,1899.97,19,7.57,1.0
2024-09-20,Tablet,Computers,South,1288.08,3,6.61,5.0
2024-02-04,Laptop,Electronics,East,1588.5,17,14.65,4.0
2024-07-24,Tablet,Electronics,South,1263.29,5,22.13,2.0
2024-03-21,Monitor,Accessories,East,1020.36,8,15.76,3.0
2024-02-19,Phone,Accessories,North,1355.56,14,0.98,4.0
2024-12-25,Laptop,Accessories,South,1150.7,4,26.06,1.0
2024-01-02,Mouse,Electronics,East,1235.2,11,1.94,1.0
2024-02-23,Keyboard,Computers,West,1589.28,15,28.67,3.0
2024-04-15,Monitor,Electronics,East,1013.72,19,0.75,2.0
2024-09-16,Laptop,Accessories,West,177.43,7,20.83,4.0
2024-11-05,Keyboard,Computers,West,411.6,19,2.47,2.0
2024-07-09,Laptop,Computers,North,933.35,19,27.32,1.0
2024-08-05,Tablet,Electronics,South,1477.17,11,13.93,
2024-02-13,Laptop,Accessories,East,1227.23,5,4.13,1.0
2024-06-10,Mouse,Electronics,North,1335.56,5,10.22,2.0
2024-07-20,Laptop,Computers,East,1010.63,8,4.94,3.0
2024-09-26,Laptop,Electronics,West,1269.91,10,5.12,5.0
2024-12-16,Mouse,Electronics,South,725.13,6,28.44,3.0
2024-10-30,Monitor,Accessories,East,993.35,15,13.36,3.0
2024-09-27,Laptop,Accessories,East,1514.13,16,23.66,5.0
2024-08-02,Mouse,Computers,West,1756.48,17,19.19,5.0
2024-09-08,Keyboard,Electronics,East,923.95,8,20.29,4.0
2024-07-08,Tablet,Electronics,East,182.96,8,3.95,4.0
2024-10-22,Tablet,Electronics,West,407.18,9,7.03,3.0
2024-07-31,Laptop,Computers,North,139.64,2,23.6,3.0
2024-07-26,Monitor,Computers,West,1341.2,15,29.12,1.0
2024-08-24,Monitor,Accessories,North,731.4,18,7.88,1.0
2024-12-03,Keyboard,Accessories,South,1130.71,3,8.15,4.0
2024-02-22,Laptop,Accessories,North,1037.23,17,14.19,4.0
2024-10-06,Tablet,Electronics,North,254.9,4,29.52,1.0
2024-08-04,Monitor,Electronics,South,866.2,4,8.07,1.0
2024-09-08,Laptop,Accessories,North,519.07,14,12.21,2.0
2024-07-06,Monitor,Electronics,West,894.96,9,26.74,2.0
2024-02-10,Mouse,Accessories,North,486.8,9,0.09,1.0
2024-06-05,Monitor,Computers,South,1696.86,18,1.19,2.0
2024-01-15,Tablet,Accessories,West,430.97,10,18.12,5.0
2024-10-27,Phone,Computers,South,1925.48,4,27.22,4.0
2024-03-05,Keyboard,Electronics,South,890.22,12,7.17,4.0
2024-12-10,Keyboard,Accessories,East,1707.87,8,14.09,1.0
2024-11-22,Tablet,Electronics,East,1294.65,2,13.51,3.0
2024-01-09,Monitor,Computers,South,1497.17,13,14.19,1.0
2024-12-09,Laptop,Computers,South,1558.68,16,18.68,2.0
2024-05-08,Monitor,,South,1059.21,2,14.09,3.0
2024-05-15,Tablet,Electronics,East,1132.27,11,13.42,2.0
2024-03-03,Keyboard,Electronics,East,1076.59,10,14.23,5.0
2024-05-18,Monitor,Electronics,North,1217.31,15,17.73,2.0
2024-03-21,Keyboard,Electronics,North,155.85,17,16.11,5.0
2024-06-11,Laptop,Computers,South,851.48,8,,5.0
2024-10-15,Keyboard,Computers,West,1251.76,18,1.48,2.0
2024-09-17,Keyboard,Accessories,West,1235.67,9,25.0,2.0
2024-08-18,Phone,Accessories,East,1606.62,8,25.32,5.0
2024-02-10,Phone,Electronics,East,1344.52,14,8.55,3.0
2024-01-28,Mouse,Computers,East,1985.05,18,13.89,5.0
2024-05-14,Phone,Computers,South,639.32,12,13.16,4.0
2024-07-19,Keyboard,Computers,West,782.39,19,6.56,5.0
2024-11-23,Tablet,Accessories,North,829.31,14,11.9,3.0
2024-09-24,Keyboard,Accessories,South,985.04,17,1.33,4.0
2024-02-02,Tablet,Computers,North,1688.4,3,8.33,1.0
2024-02-17,Tablet,Computers,North,548.0,7,24.5,1.0
2024-03-02,Phone,Computers,South,1574.4,17,8.54,3.0
2024-08-03,Monitor,Accessories,North,870.09,12,24.55,5.0
2024-10-19,Laptop,Computers,West,1243.53,9,15.95,2.0
2024-04-08,Phone,Computers,North,1301.83,15,26.4,3.0
2024-06-20,Phone,Electronics,West,808.41,18,17.24,4.0
2024-12-25,Monitor,Electronics,West,1073.97,13,0.89,4.0
2024-08-01,Laptop,Accessories,West,884.76,8,20.26,1.0
2024-02-04,Keyboard,Computers,East,231.35,14,1.35,4.0
2024-08-14,Mouse,Computers,North,930.61,8,13.52,3.0
2024-04-10,Mouse,Electronics,South,285.05,14,27.88,4.0
2024-05-10,Keyboard,Accessories,South,869.54,7,4.96,3.0
2024-09-13,Phone,Electronics,North,1226.54,12,11.7,2.0
2024-01-05,Laptop,Electronics,East,1200.89,11,21.9,1.0
2024-08-05,Phone,Electronics,East,1358.98,11,26.47,4.0
2024-09-11,Tablet,Electronics,West,281.0,13,20.13,3.0
2024-12-24,Phone,Computers,North,1339.03,18,7.75,5.0
2024-10-09,Phone,Computers,North,693.08,2,20.24,1.0
2024-07-25,Keyboard,Electronics,South,858.19,15,8.9,2.0
2024-01-15,Keyboard,Accessories,North,1730.17,18,21.55,3.0
2024-12-11,Keyboard,Accessories,East,117.16,15,28.62,2.0
2024-02-11,Mouse,Accessories,North,1217.98,19,21.64,2.0
2024-06-27,Tablet,Accessories,South,1237.56,12,25.89,4.0
2024-03-03,Keyboard,Electronics,West,853.65,13,0.06,4.0
2024-12-17,Laptop,Computers,South,550.35,11,21.53,3.0
2024-08-18,Mouse,Accessories,South,545.88,5,24.89,5.0
2024-08-28,Monitor,Electronics,West,1779.05,1,1.22,3.0
2024-02-21,Laptop,,South,939.85,3,26.15,5.0
2024-04-05,Laptop,Accessories,South,728.69,19,7.7,2.0
2024-08-09,Keyboard,Electronics,North,952.68,7,19.96,1.0
2024-08-18,Monitor,Computers,North,1371.84,12,24.01,3.0
2024-08-24,Monitor,Computers,West,376.94,15,19.88,3.0
2024-05-22,Mouse,Electronics,North,953.92,5,2.77,5.0
2024-06-19,Monitor,Computers,North,1216.98,15,17.89,2.0
2024-01-29,Tablet,Electronics,South,1902.31,8,16.49,2.0
2024-02-05,Keyboard,Electronics,East,579.8,10,27.01,5.0
2024-01-13,Monitor,Electronics,North,782.58,16,12.13,2.0
2024-06-08,Mouse,Computers,East,820.78,8,9.63,4.0
2024-11-22,Tablet,Electronics,North,1250.52,1,22.5,1.0
2024-07-05,Phone,Accessories,North,777.79,12,12.38,3.0
2024-08-30,Phone,Computers,West,1113.67,5,19.38,1.0
2024-03-26,Tablet,Computers,West,1585.4,3,19.39,3.0
2024-10-10,Mouse,Computers,West,1440.23,1,26.64,4.0
2024-03-06,Tablet,Computers,East,948.1,4,17.96,2.0
2024-06-18,Keyboard,Accessories,South,1742.01,8,15.06,5.0
2024-02-14,Keyboard,Computers,North,1160.47,3,4.17,4.0
2024-03-02,Phone,Computers,North,1125.82,10,3.47,1.0
2024-05-13,Monitor,Electronics,North,164.96,2,4.63,5.0
2024-10-10,Mouse,Computers,East,1974.72,11,5.16,2.0
2024-01-28,Phone,Accessories,West,333.64,10,19.14,4.0
2024-04-17,Monitor,Accessories,South,539.15,14,22.23,5.0
2024-02-13,Monitor,Accessories,East,198.22,7,15.9,4.0
2024-12-05,Keyboard,Accessories,West,1316.01,2,24.87,4.0
2024-10-12,Laptop,Computers,East,526.93,9,29.74,2.0
2024-11-26,Laptop,Computers,South,442.02,16,24.6,3.0
2024-05-07,Tablet,Accessories,West,268.26,13,20.85,5.0
2024-12-13,Keyboard,Accessories,East,296.29,9,15.97,2.0
2024-08-18,Monitor,Computers,South,1210.87,4,13.47,4.0
2024-07-08,Mouse,Accessories,North,1407.59,10,2.53,2.0
2024-08-12,Laptop,Electronics,South,855.02,12,11.98,3.0
2024-10-09,Monitor,Accessories,North,1011.8,17,27.3,5.0
2024-04-30,Laptop,Accessories,East,1403.34,14,24.24,3.0
2024-04-25,Laptop,Electronics,West,133.02,14,6.48,1.0
2024-08-20,Laptop,Electronics,West,713.95,2,14.0,5.0
2024-09-15,Mouse,Computers,East,1948.89,11,24.5,3.0
2024-12-24,Keyboard,Computers,West,1202.21,16,2.02,4.0
2024-07-16,Mouse,Electronics,West,583.03,19,11.62,5.0
2024-05-16,Phone,Electronics,North,1091.29,6,,5.0
2024-11-13,Monitor,Computers,East,751.04,19,12.12,2.0
2024-06-13,Keyboard,Accessories,South,1111.27,5,2.33,4.0
2024-08-12,Keyboard,Electronics,North,338.91,4,16.28,1.0
2024-11-02,Keyboard,Computers,East,352.16,15,25.85,3.0
2024-08-21,Keyboard,Accessories,North,372.73,4,17.71,2.0
2024-06-20,Mouse,Electronics,South,1885.66,10,6.79,3.0
2024-05-31,Keyboard,Accessories,South,1492.51,3,11.53,1.0
2024-11-10,Tablet,Computers,East,408.53,5,13.5,1.0
2024-06-08,Monitor,Electronics,South,457.86,6,17.38,5.0
2024-04-05,Keyboard,Accessories,North,1488.58,8,22.78,1.0
2024-08-20,Monitor,Electronics,South,396.71,7,,3.0
2024-06-28,Tablet,Accessories,North,545.67,10,26.69,4.0
2024-04-22,Tablet,Computers,North,1930.36,6,0.37,4.0
2024-11-13,Monitor,Computers,South,585.08,14,11.1,5.0
2024-02-21,Laptop,Electronics,East,1357.1,4,0.82,3.0
2024-09-24,Phone,,West,1959.4,13,11.79,3.0
2024-10-21,Laptop,Electronics,South,811.16,17,15.77,1.0
2024-04-22,Laptop,Electronics,North,133.28,7,15.35,3.0
2024-04-10,Mouse,Accessories,North,563.88,4,4.97,2.0
2024-04-22,Laptop,Accessories,South,1678.67,14,19.37,1.0
2024-03-21,Keyboard,Accessories,East,1742.76,3,1.34,2.0
2024-07-05,Mouse,Computers,East,1560.19,5,22.86,5.0
2024-04-22,Mouse,Electronics,North,314.91,16,28.4,4.0
2024-01-02,Tablet,Electronics,North,1611.47,4,10.19,5.0
2024-05-09,Laptop,Computers,East,1845.49,2,15.52,4.0
2024-08-07,Tablet,Accessories,West,1241.16,18,11.37,5.0
2024-02-23,Monitor,Computers,South,1887.66,19,0.2,3.0
2024-12-08,Phone,Computers,North,1670.99,19,11.58,2.0
2024-08-11,Mouse,Computers,North,1367.25,17,23.75,4.0
2024-08-12,Monitor,Electronics,East,1196.65,14,17.88,1.0
2024-05-05,Monitor,Computers,South,762.29,19,3.04,2.0
2024-05-09,Keyboard,Electronics,East,402.65,13,25.41,1.0
2024-02-22,Phone,Electronics,South,1249.41,12,15.93,2.0
2024-06-20,Monitor,Electronics,South,704.41,6,25.25,2.0
2024-08-05,Monitor,Accessories,South,1746.23,4,17.41,5.0
2024-06-08,Phone,Electronics,North,1987.34,19,16.79,4.0
2024-07-16,Phone,Electronics,West,1529.61,16,3.16,4.0
2024-09-03,Monitor,Accessories,East,271.92,13,5.02,2.0
2024-11-19,Phone,Electronics,West,648.5,4,29.16,3.0
2024-07-21,Monitor,Computers,East,307.31,17,6.85,3.0
2024-07-02,Monitor,Computers,South,1335.97,1,29.32,1.0
2024-05-02,Keyboard,Electronics,North,1553.86,18,15.96,1.0
2024-09-11,Laptop,Accessories,West,1858.78,17,4.07,5.0
2024-10-20,Monitor,Computers,North,932.53,15,2.98,2.0
2024-10-06,Tablet,Accessories,East,1812.61,11,6.27,1.0
2024-11-20,Mouse,Accessories,North,1767.99,13,27.77,1.0
2024-04-07,Laptop,Computers,North,702.67,1,12.42,2.0
2024-07-16,Laptop,Accessories,West,1750.91,17,11.86,5.0
2024-08-27,Laptop,Computers,South,813.78,6,9.4,1.0
2024-05-23,Keyboard,Accessories,North,664.05,4,4.41,5.0
2024-04-06,Monitor,Computers,South,1333.24,16,14.64,4.0
2024-07-19,Keyboard,Electronics,East,723.92,15,3.9,5.0
2024-05-03,Monitor,Computers,North,1297.4,15,25.06,
2024-07-05,Keyboard,Computers,West,1258.68,6,11.11,3.0
2024-11-21,Keyboard,Computers,East,1170.53,15,11.24,5.0
2024-12-14,Mouse,Computers,East,822.8,14,14.22,3.0
2024-09-15,Tablet,Accessories,West,1142.15,11,13.32,4.0
2024-05-27,Keyboard,Electronics,North,1233.32,7,29.85,2.0
2024-09-08,Mouse,Computers,North,1136.81,9,16.36,3.0
2024-12-11,Phone,,East,944.4,16,2.65,3.0
2024-05-26,Tablet,Electronics,North,127.87,5,18.21,5.0
2024-05-27,Keyboard,Electronics,South,1215.42,10,4.55,4.0
2024-12-17,Laptop,Electronics,West,420.04,18,0.93,2.0
2024-07-17,Phone,Electronics,South,1320.89,3,29.12,5.0
2024-11-03,Phone,Computers,North,1542.75,13,23.21,5.0
2024-05-07,Mouse,Computers,East,1050.85,11,29.4,4.0
2024-02-08,Phone,Accessories,West,1130.49,17,14.34,
2024-12-03,Tablet,Accessories,North,1907.81,13,15.97,4.0
2024-12-25,Keyboard,Accessories,North,1709.62,6,5.05,2.0
2024-05-08,Keyboard,Electronics,East,1837.05,17,7.41,4.0
2024-09-23,Laptop,Electronics,East,1646.16,13,25.16,5.0
2024-05-30,Mouse,Computers,South,306.94,19,10.69,5.0
2024-10-24,Laptop,Electronics,West,383.08,19,24.8,1.0
2024-04-08,Phone,Electronics,West,1100.59,10,21.27,3.0
2024-09-19,Laptop,Electronics,East,567.53,3,5.32,4.0
2024-09-08,Tablet,Accessories,South,1005.72,14,15.22,1.0
2024-05-23,Keyboard,Accessories,West,849.29,19,20.32,3.0
2024-12-11,Phone,Computers,East,1143.89,5,7.05,4.0
2024-04-21,Laptop,Electronics,North,1519.06,5,24.92,2.0
2024-02-29,Mouse,Electronics,West,1459.43,17,16.34,3.0
2024-01-02,Tablet,Computers,South,1090.34,10,4.96,5.0
2024-10-30,Tablet,Electronics,South,1662.55,5,17.49,1.0
2024-09-10,Laptop,Electronics,South,918.64,4,29.99,3.0
2024-05-19,Keyboard,Accessories,North,1803.76,6,4.52,3.0
2024-02-06,Laptop,Computers,West,235.43,4,24.5,5.0
2024-06-08,Phone,Computers,West,1913.85,7,6.22,4.0
2024-01-09,Laptop,Computers,North,1343.92,7,23.47,2.0
2024-08-20,Tablet,Computers,West,822.14,18,22.04,5.0
2024-04-08,Laptop,Accessories,North,474.59,3,,2.0
2024-05-26,Keyboard,Accessories,North,1010.45,1,9.77,4.0
2024-10-30,Mouse,Electronics,North,469.66,4,23.78,3.0
2024-07-26,Monitor,Electronics,South,416.03,6,13.84,2.0
2024-05-10,Laptop,Electronics,West,1272.97,9,21.92,1.0
2024-05-31,Keyboard,Electronics,North,1093.86,14,4.44,1.0
2024-02-23,Keyboard,Accessories,West,1373.18,12,25.58,5.0
2024-04-29,Mouse,Computers,South,1866.25,4,21.33,4.0
2024-06-09,Tablet,Accessories,North,1111.29,12,27.21,5.0
2024-04-25,Keyboard,Electronics,East,1203.77,10,3.97,5.0
2024-03-15,Keyboard,Accessories,South,270.29,7,17.79,5.0
2024-04-22,Keyboard,Computers,East,1463.51,3,17.97,1.0
2024-04-13,Keyboard,Computers,West,859.82,14,10.6,1.0
2024-12-05,Phone,Accessories,West,1955.78,10,13.75,5.0
2024-09-10,Phone,Accessories,South,1664.03,16,1.14,1.0
2024-08-14,Tablet,Accessories,West,1092.71,16,22.38,4.0
2024-04-21,Laptop,Electronics,East,334.12,10,16.48,5.0
2024-04-08,Keyboard,Accessories,North,1732.89,13,1.73,1.0
2024-06-01,Mouse,Accessories,North,1619.58,6,20.42,2.0
2024-12-14,Laptop,Accessories,North,450.71,12,14.0,5.0
2024-12-03,Mouse,Computers,South,661.03,9,1.03,5.0
2024-07-12,Laptop,Computers,West,1607.47,13,29.09,4.0
2024-11-05,Tablet,Electronics,East,451.93,4,28.47,3.0
2024-06-11,Keyboard,Electronics,West,1843.73,11,15.39,3.0
2024-07-26,Keyboard,Computers,West,906.6,18,2.81,4.0
2024-06-17,Monitor,Computers,West,265.37,11,22.64,4.0
2024-06-09,Mouse,Computers,North,1649.92,4,14.76,4.0
2024-03-08,Laptop,Accessories,East,809.67,18,9.07,3.0
2024-10-15,Laptop,Accessories,East,1100.35,1,14.74,4.0
2024-10-03,Phone,Computers,West,313.38,7,15.67,1.0
2024-10-30,Monitor,Accessories,North,104.91,6,16.88,5.0
2024-05-14,Phone,Accessories,North,1312.17,15,13.24,5.0
2024-07-13,Phone,Electronics,East,1078.83,18,18.17,2.0
2024-05-07,Phone,Computers,North,1227.72,11,27.56,2.0
2024-02-02,Mouse,Computers,North,1608.11,15,10.87,5.0
2024-06-24,Mouse,Accessories,North,1328.55,16,21.77,1.0
2024-01-22,Tablet,Computers,South,432.07,7,26.83,3.0
2024-08-25,Tablet,Electronics,West,785.47,10,13.68,3.0
2024-06-06,Phone,Electronics,East,1821.19,12,13.3,1.0
2024-02-07,Monitor,Electronics,East,1562.89,14,18.06,3.0
2024-08-17,Laptop,Computers,South,1157.61,5,17.74,4.0
2024-12-30,Mouse,Computers,West,585.73,18,24.2,5.0
2024-02-20,Monitor,Computers,East,673.91,5,14.29,5.0
2024-09-20,Keyboard,Computers,North,1490.72,3,29.88,1.0
2024-10-09,Mouse,Computers,East,1717.23,5,1.78,3.0
2024-01-27,Mouse,Electronics,North,1375.71,17,0.1,2.0
2024-08-13,Tablet,Accessories,South,1638.11,19,19.21,2.0
2024-10-03,Laptop,Electronics,North,1556.65,19,8.95,3.0
2024-10-12,Laptop,Computers,East,384.44,12,7.21,2.0
2024-04-06,Keyboard,Electronics,East,905.5,9,9.36,1.0
2024-10-10,Keyboard,Computers,East,390.67,1,7.68,1.0
2024-11-12,Mouse,Computers,South,546.95,18,0.92,3.0
2024-10-30,Phone,Electronics,South,1751.59,4,29.15,2.0
2024-05-26,Tablet,Computers,West,998.49,10,6.62,1.0
2024-01-04,Tablet,Accessories,East,1117.18,7,22.02,1.0
2024-02-04,Mouse,Computers,North,439.05,1,22.88,4.0
2024-07-10,Monitor,Accessories,South,693.32,17,27.88,4.0
2024-02-18,Phone,Accessories,East,537.47,2,0.92,1.0
2024-01-17,Mouse,Computers,East,491.75,11,26.16,3.0
2024-06-20,Phone,Electronics,South,1312.13,9,15.82,5.0
2024-08-07,Phone,Accessories,West,588.08,7,18.98,5.0
2024-06-06,Phone,Electronics,South,1300.83,17,,1.0
2024-02-15,Mouse,Accessories,South,211.06,17,24.59,1.0
2024-01-06,Tablet,Computers,North,369.37,2,10.0,1.0
2024-04-08,Tablet,Computers,North,621.63,6,21.99,3.0
2024-08-20,Phone,Accessories,West,1234.39,14,15.86,
2024-02-06,Monitor,Computers,East,1384.1,6,23.8,1.0
2024-10-06,Laptop,Accessories,South,941.16,2,29.72,1.0
2024-12-14,Mouse,Computers,West,947.0,1,6.02,2.0
2024-10-28,Laptop,Electronics,North,1476.58,10,29.84,3.0
2024-06-29,Monitor,Computers,South,130.06,5,2.69,1.0
2024-04-04,Mouse,Electronics,East,748.07,2,0.07,2.0
2024-04-08,Phone,Computers,North,1655.54,16,1.32,5.0
2024-07-06,Tablet,Electronics,North,1246.12,2,10.25,1.0
2024-04-25,Laptop,Computers,North,740.73,10,18.99,1.0
2024-07-09,Keyboard,Electronics,West,1820.5,2,2.07,
2024-09-09,Keyboard,Accessories,East,1567.98,16,0.17,3.0
2024-06-09,Monitor,Accessories,South,603.3,16,28.11,1.0
2024-09-12,Phone,Electronics,West,1326.05,19,24.66,5.0
2024-11-18,Laptop,Computers,West,1231.93,7,24.28,
2024-05-07,Phone,Electronics,West,862.26,12,26.53,5.0
2024-01-18,Laptop,Computers,North,797.22,15,21.0,4.0
2024-10-07,Monitor,Accessories,East,752.76,8,3.13,4.0
2024-08-10,Monitor,Computers,West,1272.6,6,11.97,5.0
2024-02-23,Keyboard,Accessories,South,940.58,10,21.69,3.0
2024-02-27,Phone,Computers,East,1680.54,3,8.41,1.0
2024-11-18,Mouse,Computers,South,1372.24,19,20.62,1.0
2024-12-25,Keyboard,Computers,East,232.87,17,0.73,4.0
2024-06-22,Phone,,South,1316.32,7,9.18,5.0
2024-10-06,Keyboard,Electronics,North,615.18,4,16.47,
2024-04-23,Mouse,Accessories,West,1226.34,14,18.96,1.0
2024-10-14,Tablet,Accessories,South,1392.25,15,17.31,3.0
2024-12-07,Tablet,Electronics,East,538.58,8,20.93,2.0
2024-05-30,Tablet,Accessories,West,968.03,15,0.18,4.0
2024-05-06,Tablet,Electronics,West,461.62,14,3.03,4.0
2024-06-03,Laptop,Computers,East,199.44,9,26.07,2.0
2024-09-29,Tablet,Accessories,South,819.11,8,,1.0
2024-04-13,Mouse,Accessories,North,789.59,17,3.39,3.0
2024-10-25,Monitor,Electronics,North,1991.41,2,25.26,3.0
2024-09-02,Monitor,Accessories,South,948.07,3,7.27,4.0
2024-06-24,Laptop,Accessories,West,733.78,8,14.35,3.0
2024-02-08,Tablet,Computers,West,1202.9,12,4.36,2.0
2024-06-18,Tablet,Accessories,West,268.66,1,21.3,1.0
2024-09-03,Tablet,Computers,West,1927.16,10,20.01,2.0
2024-01-26,Keyboard,Electronics,South,1306.42,3,6.33,5.0
2024-12-20,Phone,Accessories,West,1534.19,6,25.9,4.0
2024-11-01,Keyboard,Computers,East,423.91,7,12.04,3.0
2024-01-13,Phone,Electronics,West,878.01,18,8.78,5.0
2024-11-11,Tablet,Accessories,North,903.11,11,4.57,3.0
2024-11-08,Tablet,Electronics,West,1661.43,19,7.99,1.0
2024-02-05,Keyboard,Accessories,South,102.35,5,0.66,1.0
2024-06-21,Keyboard,Electronics,North,671.62,19,17.5,1.0
2024-01-20,Phone,Electronics,South,1964.35,11,25.27,3.0
2024-11-16,Monitor,Computers,South,1002.28,12,16.47,5.0
2024-09-20,Phone,Electronics,North,826.8,10,6.58,1.0
2024-05-21,Keyboard,Accessories,South,327.68,8,1.01,5.0
2024-05-22,Mouse,Accessories,South,1950.91,9,6.44,3.0
2024-04-01,Keyboard,Computers,West,138.05,4,12.48,5.0
2024-12-19,Mouse,Accessories,East,1500.64,5,22.79,3.0
2024-11-17,Laptop,Accessories,South,1560.34,8,5.64,3.0
2024-10-14,Keyboard,Accessories,South,562.95,9,21.59,4.0
2024-08-02,Laptop,,South,1375.96,15,26.01,3.0
2024-12-07,Monitor,Electronics,West,276.57,15,13.62,3.0
2024-02-20,Phone,Accessories,East,588.39,16,24.64,2.0
2024-06-01,Mouse,Computers,North,1597.01,14,16.64,1.0
2024-07-04,Phone,Electronics,West,1742.9,8,19.11,4.0
2024-03-03,Laptop,Computers,West,1256.12,18,15.79,4.0
2024-07-08,Mouse,Accessories,East,1062.99,10,13.9,4.0
2024-05-04,Phone,Accessories,East,402.68,6,7.04,2.0
2024-05-29,Keyboard,Electronics,West,219.91,12,9.1,3.0
2024-11-09,Tablet,Accessories,North,323.53,2,8.7,1.0
2024-02-27,Laptop,Electronics,West,531.98,7,16.9,5.0
2024-12-07,Phone,Accessories,East,749.18,16,3.6,3.0
2024-10-31,Laptop,Accessories,North,823.73,3,27.5,2.0
2024-06-28,Laptop,Electronics,East,758.01,13,21.62,3.0
2024-06-18,Mouse,Electronics,North,554.21,3,12.04,3.0
2024-11-21,Mouse,Electronics,South,1068.48,18,4.76,2.0
2024-09-27,Tablet,Accessories,East,1668.04,11,26.46,4.0
2024-02-23,Keyboard,Accessories,East,631.44,8,24.71,4.0
2024-04-10,Laptop,Computers,West,1890.54,6,21.65,1.0
2024-09-20,Phone,Electronics,East,1759.34,1,8.15,1.0
2024-02-22,Monitor,Accessories,East,407.35,1,12.07,4.0
2024-02-29,Laptop,Accessories,South,1593.92,8,3.08,5.0
2024-04-17,Laptop,Electronics,East,1191.72,5,5.67,3.0
2024-01-05,Tablet,Computers,South,1176.49,16,23.49,5.0
2024-04-12,Keyboard,Electronics,South,842.98,11,21.45,3.0
2024-07-14,Monitor,Computers,South,1052.19,5,17.8,4.0
2024-09-18,Mouse,Accessories,South,854.64,4,26.87,1.0
2024-12-30,Mouse,Computers,North,1125.49,6,17.5,1.0
2024-12-15,Phone,Accessories,West,1293.11,14,14.01,5.0
2024-02-16,Monitor,Electronics,North,1381.18,19,10.21,1.0
2024-12-20,Mouse,Electronics,East,1111.71,9,28.21,4.0
2024-11-06,Phone,Electronics,North,1470.7,12,2.48,5.0
2024-11-03,Keyboard,Computers,North,368.43,11,27.93,3.0
2024-05-23,Phone,,East,502.77,14,24.8,1.0
2024-09-25,Mouse,Electronics,East,1655.6,16,3.9,2.0
2024-05-03,Tablet,Electronics,East,712.8,1,16.95,1.0
2024-04-15,Tablet,Accessories,North,143.5,13,26.0,3.0
2024-06-06,Tablet,Electronics,North,392.2,13,17.15,5.0
2024-05-26,Mouse,Accessories,East,524.87,2,27.22,3.0
2024-05-24,Tablet,Accessories,West,1918.91,4,28.29,2.0
2024-04-29,Monitor,Accessories,West,1188.78,6,12.67,4.0
2024-11-14,Keyboard,Accessories,South,1872.19,5,11.32,1.0
2024-10-01,Phone,Accessories,East,1192.81,3,28.09,5.0
2024-04-01,Phone,Computers,South,1010.77,1,,4.0
2024-02-27,Mouse,Electronics,West,696.08,4,3.48,3.0
2024-12-11,Tablet,Computers,South,1252.1,2,1.27,5.0
2024-08-16,Tablet,Electronics,East,364.48,5,16.94,
2024-04-26,Laptop,Computers,East,1806.7,3,27.91,5.0
2024-11-13,Keyboard,Accessories,East,1675.73,9,25.33,2.0
2024-10-05,Monitor,Electronics,North,703.31,6,20.28,2.0
2024-05-06,Phone,Electronics,South,1910.32,18,4.17,1.0
2024-05-08,Laptop,Computers,West,1667.88,6,7.63,1.0
2024-02-27,Laptop,Computers,West,1365.98,19,26.27,2.0
2024-05-01,Mouse,Electronics,West,331.35,12,5.48,5.0
2024-01-01,Phone,Computers,North,1008.64,11,8.35,2.0
2024-08-26,Mouse,Computers,North,1061.6,2,3.89,1.0
2024-10-16,Monitor,Computers,East,541.85,15,20.28,2.0
2024-04-05,Laptop,Accessories,West,251.93,12,28.32,2.0
2024-05-05,Laptop,Accessories,North,1575.77,12,8.07,5.0
2024-04-27,Keyboard,Computers,East,331.87,9,14.26,4.0
2024-02-17,Monitor,Computers,West,1229.15,2,19.03,1.0
2024-03-29,Laptop,Accessories,South,1879.25,3,29.98,5.0
2024-08-24,Monitor,Accessories,East,1764.6,12,3.14,2.0
2024-09-28,Phone,Electronics,North,627.73,16,14.96,2.0
2024-07-07,Tablet,Electronics,North,1717.75,1,11.55,4.0
2024-07-10,Laptop,Accessories,East,100.63,3,25.97,1.0
2024-03-09,Keyboard,Computers,East,133.61,2,14.28,1.0
2024-10-04,Phone,,North,1244.85,9,3.33,3.0
2024-12-14,Monitor,Computers,South,793.12,19,19.03,1.0
2024-09-03,Mouse,Computers,West,834.28,15,23.12,4.0
2024-03-16,Phone,,South,1172.44,18,0.09,3.0
2024-06-02,Laptop,Accessories,East,464.39,11,25.77,3.0
2024-05-23,Monitor,Computers,South,502.34,16,5.58,2.0
2024-03-26,Tablet,Electronics,North,1020.74,17,16.56,2.0
2024-07-03,Phone,Computers,East,1533.08,5,12.47,1.0
2024-10-11,Laptop,Accessories,West,1277.05,12,21.59,3.0
2024-08-07,Keyboard,Electronics,North,664.97,11,11.13,2.0
2024-03-09,Mouse,Accessories,North,917.64,15,26.09,4.0
2024-02-16,Monitor,Accessories,West,424.26,3,21.91,2.0
2024-04-03,Phone,Electronics,West,241.8,1,19.43,2.0
2024-08-25,Phone,Electronics,South,1587.12,16,23.89,3.0
2024-07-22,Tablet,Electronics,East,604.24,2,22.62,3.0
2024-08-05,Tablet,Electronics,West,437.76,2,1.08,5.0
2024-12-06,Keyboard,Electronics,West,1414.07,3,11.84,4.0
2024-02-08,Mouse,Electronics,East,1274.3,8,27.92,3.0
2024-04-09,Keyboard,Electronics,West,1303.06,15,3.77,
2024-10-15,Laptop,Computers,West,534.9,7,22.11,4.0
2024-09-10,Laptop,Accessories,South,542.03,6,29.24,4.0
2024-08-09,Keyboard,Electronics,North,519.52,9,1.57,3.0
2024-12-22,Mouse,Computers,North,430.13,1,20.47,4.0
2024-01-23,Keyboard,Computers,North,1345.87,8,14.04,3.0
2024-09-06,Mouse,Computers,North,1711.23,3,,2.0
2024-01-10,Mouse,Accessories,West,1476.2,4,2.56,5.0
2024-09-02,Monitor,Electronics,East,1604.98,15,1.29,2.0
2024-11-20,Mouse,Computers,East,869.12,6,20.01,3.0
2024-04-09,Tablet,Accessories,South,1342.74,15,24.7,3.0
2024-10-16,Mouse,Accessories,South,773.05,3,23.46,2.0
2024-06-28,Mouse,Accessories,West,1098.46,14,16.31,1.0
2024-08-10,Mouse,Computers,East,1015.11,14,3.0,1.0
2024-09-06,Laptop,Electronics,East,436.09,4,20.64,1.0
2024-05-26,Tablet,Computers,North,835.45,12,7.26,3.0
2024-04-05,Tablet,Computers,West,1931.26,17,27.33,4.0
2024-09-13,Keyboard,Electronics,West,572.3,7,25.15,3.0
2024-11-20,Monitor,Electronics,North,354.23,9,21.28,4.0
2024-01-04,Mouse,Electronics,West,895.3,3,28.47,2.0
2024-01-16,Phone,Accessories,West,1601.64,13,0.94,5.0
2024-10-06,Monitor,Electronics,South,1206.08,15,22.09,4.0
2024-12-01,Monitor,Computers,East,1393.85,18,9.91,1.0
2024-04-12,Phone,Computers,North,452.37,7,19.52,4.0
2024-12-14,Laptop,Computers,East,977.98,5,26.23,4.0
2024-09-27,Monitor,Accessories,West,102.34,1,0.01,5.0
2024-04-16,Tablet,Accessories,South,1236.82,13,5.07,3.0
2024-03-12,Monitor,Electronics,West,1253.88,18,11.69,1.0
